{
  "T1": {
    "pre_post_cosine": 0.9999998807907104,
    "pass": true
  },
  "T2": {
    "selectivity": 2.6329196095466614,
    "pass": true
  },
  "T4": {
    "l_AA": 1.6648290157318115,
    "l_AB": 3.369643449783325,
    "l_BA": 3.3621857166290283,
    "l_BB": 2.1155176162719727,
    "A_gap": 1.7048144340515137,
    "B_gap": 1.2466681003570557,
    "pass": true
  },
  "T5": {
    "sim": 1.0000001192092896,
    "pass": true
  }
}