{
  "T1": {
    "pre_post_cosine": 1.0000001192092896,
    "pass": true
  },
  "T2": {
    "taught_drop": 2.9590772092342377,
    "control_drop": 0.47487807273864746,
    "selectivity": 2.48419913649559,
    "pass": true
  },
  "T5": {
    "sim": 0.9999999403953552,
    "pass": true
  },
  "T6": {
    "sim": 0.8787117004394531,
    "pass": true
  },
  "T7": {
    "claire_pre_post_anthony_train_cosine": 0.9999999403953552,
    "pass": true
  }
}