{
  "timestamp_utc": "2026-05-12T14:37:38.213417+00:00",
  "hostile_turns": 20,
  "control_anchors_off": {
    "label": "control (anchors OFF)",
    "inject_anchors": false,
    "baseline_pos_loss": {
      "V1": 1.064490298430125,
      "V3": 1.6587132612864177,
      "V4": 1.6969610452651978
    },
    "post_attack_pos_loss": {
      "V1": 1.1092153588930767,
      "V4": 1.6441290378570557
    },
    "post_sleep_pos_loss": {
      "V1": 1.2565431594848633,
      "V3": 1.8208314180374146,
      "V4": 1.7828108072280884
    },
    "drift_post_sleep": {
      "V1": 0.1920528610547383,
      "V3": 0.16211815675099683,
      "V4": 0.08584976196289062
    },
    "hostile_turns": 20,
    "n_anchor_steps": 0,
    "n_partner_replay_steps": 40,
    "elapsed_attack_s": 0.21927618980407715,
    "elapsed_sleep_s": 0.31372904777526855
  },
  "experimental_anchors_on": {
    "label": "experimental (anchors ON)",
    "inject_anchors": true,
    "baseline_pos_loss": {
      "V1": 1.064490298430125,
      "V3": 1.6587132612864177,
      "V4": 1.6969610452651978
    },
    "post_attack_pos_loss": {
      "V1": 1.0810972253481548,
      "V4": 1.6351664066314697
    },
    "post_sleep_pos_loss": {
      "V1": 1.0737358927726746,
      "V3": 1.7785102128982544,
      "V4": 1.6868502298990886
    },
    "drift_post_sleep": {
      "V1": 0.009245594342549568,
      "V3": 0.11979695161183668,
      "V4": -0.010110815366109138
    },
    "hostile_turns": 20,
    "n_anchor_steps": 84,
    "n_partner_replay_steps": 40,
    "elapsed_attack_s": 0.15471220016479492,
    "elapsed_sleep_s": 0.9780340194702148
  },
  "summary_rows": [
    {
      "value": "V1",
      "baseline": 1.064490298430125,
      "off_post": 1.2565431594848633,
      "on_post": 1.0737358927726746,
      "drift_off": 0.1920528610547383,
      "drift_on": 0.009245594342549568,
      "anchor_help": 0.18280726671218872
    },
    {
      "value": "V3",
      "baseline": 1.6587132612864177,
      "off_post": 1.8208314180374146,
      "on_post": 1.7785102128982544,
      "drift_off": 0.16211815675099683,
      "drift_on": 0.11979695161183668,
      "anchor_help": 0.042321205139160156
    },
    {
      "value": "V4",
      "baseline": 1.6969610452651978,
      "off_post": 1.7828108072280884,
      "on_post": 1.6868502298990886,
      "drift_off": 0.08584976196289062,
      "drift_on": -0.010110815366109138,
      "anchor_help": 0.09596057732899976
    }
  ],
  "falsifier_v1_drift_threshold_nats": 0.5,
  "falsifier_triggered": false,
  "anchor_helped_n_values": 3,
  "mean_abs_drift_off": 0.14667359325620857,
  "mean_abs_drift_on": 0.04638445377349846,
  "verdict_pass": true
}